,Rank,MovieName,Distributor,Gross,Release,Week,BOM_link,ReleaseInfo,db_link,db_id,rating,year,imdb_id,imdb_link,Runtime,Budget,Country,GoldRelease,IssueDataOfGoldenWeek,Genre,Number
0,1,The Mermaid (2016),,"$526,848,189 ",8-Feb,6,https://www.boxofficemojo.com//movies/?page=intl&id=mermaid2016.htm,9,https://movie.douban.com/subject/19944106/,19944106,6.7,2016,tt4701660,https://www.imdb.com/title/tt4701660/?ref_=fn_al_tt_1,94,"$60,720,000 ",,0,1,Comedy,6
1,2,Zootopia,,"$235,591,257 ",4-Mar,9,https://www.boxofficemojo.com//movies/?page=intl&id=disney2016.htm,15,https://movie.douban.com/subject/25662329/,25662329,9.2,2016,tt2948356,https://www.imdb.com/title/tt2948356/?ref_=nv_sr_1,108,"$150,000,000 ",USA,0,2,Animation,3
2,2,Zootopia,,"$235,591,257 ",4-Mar,9,https://www.boxofficemojo.com//movies/?page=intl&id=disney2016.htm,15,https://movie.douban.com/subject/25662329/,25662329,9.2,2016,tt2948356,https://www.imdb.com/title/tt2948356/?ref_=nv_sr_1,108,"$150,000,000 ",USA,0,2,Adventure,2
3,2,Zootopia,,"$235,591,257 ",4-Mar,9,https://www.boxofficemojo.com//movies/?page=intl&id=disney2016.htm,15,https://movie.douban.com/subject/25662329/,25662329,9.2,2016,tt2948356,https://www.imdb.com/title/tt2948356/?ref_=nv_sr_1,108,"$150,000,000 ",USA,0,2,Comedy,6
4,2,Zootopia,,"$235,591,257 ",4-Mar,9,https://www.boxofficemojo.com//movies/?page=intl&id=disney2016.htm,15,https://movie.douban.com/subject/25662329/,25662329,9.2,2016,tt2948356,https://www.imdb.com/title/tt2948356/?ref_=nv_sr_1,108,"$150,000,000 ",USA,0,2,Crime,8
5,2,Zootopia,,"$235,591,257 ",4-Mar,9,https://www.boxofficemojo.com//movies/?page=intl&id=disney2016.htm,15,https://movie.douban.com/subject/25662329/,25662329,9.2,2016,tt2948356,https://www.imdb.com/title/tt2948356/?ref_=nv_sr_1,108,"$150,000,000 ",USA,0,2,Family,13
6,2,Zootopia,,"$235,591,257 ",4-Mar,9,https://www.boxofficemojo.com//movies/?page=intl&id=disney2016.htm,15,https://movie.douban.com/subject/25662329/,25662329,9.2,2016,tt2948356,https://www.imdb.com/title/tt2948356/?ref_=nv_sr_1,108,"$150,000,000 ",USA,0,2,Mystery,19
7,3,Warcraft,HuaXia,"$213,541,452 ",8-Jun,23,https://www.boxofficemojo.com//movies/?page=intl&id=warcraft.htm,47,https://movie.douban.com/subject/2131940/,2131940,7.7,2016,tt0803096,https://www.imdb.com/title/tt0803096/?ref_=nv_sr_1,123,"$160,000,000 ",China,1,3,Action,1
8,3,Warcraft,HuaXia,"$213,541,452 ",8-Jun,23,https://www.boxofficemojo.com//movies/?page=intl&id=warcraft.htm,47,https://movie.douban.com/subject/2131940/,2131940,7.7,2016,tt0803096,https://www.imdb.com/title/tt0803096/?ref_=nv_sr_1,123,"$160,000,000 ",China,1,3,Adventure,2
9,3,Warcraft,HuaXia,"$213,541,452 ",8-Jun,23,https://www.boxofficemojo.com//movies/?page=intl&id=warcraft.htm,47,https://movie.douban.com/subject/2131940/,2131940,7.7,2016,tt0803096,https://www.imdb.com/title/tt0803096/?ref_=nv_sr_1,123,"$160,000,000 ",China,1,3,Fantasy,14
10,4,The Monkey King 2 in 3D,,"$185,402,420 ",8-Feb,6,https://www.boxofficemojo.com//movies/?page=intl&id=monkeyking2.htm,6,https://movie.douban.com/subject/25827963/,25827963,5.6,2016,tt4591310,https://www.imdb.com/title/tt4591310/?ref_=fn_al_tt_1,119,"$68,005,000 ",China,0,1,Action,1
11,5,Captain America: Civil War,Disney,"$180,794,517 ",6-May,18,https://www.boxofficemojo.com//movies/?page=intl&id=marvel2016.htm,52,https://movie.douban.com/subject/25820460/,25820460,7.8,2016,tt3498820,https://www.imdb.com/title/tt3498820/?ref_=nv_sr_1,147,"$250,000,000 ",USA,1,3,Action,1
12,5,Captain America: Civil War,Disney,"$180,794,517 ",6-May,18,https://www.boxofficemojo.com//movies/?page=intl&id=marvel2016.htm,52,https://movie.douban.com/subject/25820460/,25820460,7.8,2016,tt3498820,https://www.imdb.com/title/tt3498820/?ref_=nv_sr_1,147,"$250,000,000 ",USA,1,3,Adventure,2
13,5,Captain America: Civil War,Disney,"$180,794,517 ",6-May,18,https://www.boxofficemojo.com//movies/?page=intl&id=marvel2016.htm,52,https://movie.douban.com/subject/25820460/,25820460,7.8,2016,tt3498820,https://www.imdb.com/title/tt3498820/?ref_=nv_sr_1,147,"$250,000,000 ",USA,1,3,Sci-Fi,21
14,6,Operation MeKong,,"$172,477,764 ",30-Sep,39,https://www.boxofficemojo.com//movies/?page=intl&id=operationmekong.htm,118,https://movie.douban.com/subject/25815034/,25815034,8,2016,tt6044910,https://www.imdb.com/title/tt6044910/?ref_=nv_sr_1,124,"$30,200,000 ",China,0,4,Action,1
15,6,Operation MeKong,,"$172,477,764 ",30-Sep,39,https://www.boxofficemojo.com//movies/?page=intl&id=operationmekong.htm,118,https://movie.douban.com/subject/25815034/,25815034,8,2016,tt6044910,https://www.imdb.com/title/tt6044910/?ref_=nv_sr_1,124,"$30,200,000 ",China,0,4,Adventure,2
16,6,Operation MeKong,,"$172,477,764 ",30-Sep,39,https://www.boxofficemojo.com//movies/?page=intl&id=operationmekong.htm,118,https://movie.douban.com/subject/25815034/,25815034,8,2016,tt6044910,https://www.imdb.com/title/tt6044910/?ref_=nv_sr_1,124,"$30,200,000 ",China,0,4,Crime,8
17,6,Operation MeKong,,"$172,477,764 ",30-Sep,39,https://www.boxofficemojo.com//movies/?page=intl&id=operationmekong.htm,118,https://movie.douban.com/subject/25815034/,25815034,8,2016,tt6044910,https://www.imdb.com/title/tt6044910/?ref_=nv_sr_1,124,"$30,200,000 ",China,0,4,Drama,12
18,6,Operation MeKong,,"$172,477,764 ",30-Sep,39,https://www.boxofficemojo.com//movies/?page=intl&id=operationmekong.htm,118,https://movie.douban.com/subject/25815034/,25815034,8,2016,tt6044910,https://www.imdb.com/title/tt6044910/?ref_=nv_sr_1,124,"$30,200,000 ",China,0,4,History,15
19,6,Operation MeKong,,"$172,477,764 ",30-Sep,39,https://www.boxofficemojo.com//movies/?page=intl&id=operationmekong.htm,118,https://movie.douban.com/subject/25815034/,25815034,8,2016,tt6044910,https://www.imdb.com/title/tt6044910/?ref_=nv_sr_1,124,"$30,200,000 ",China,0,4,Mystery,19
20,6,Operation MeKong,,"$172,477,764 ",30-Sep,39,https://www.boxofficemojo.com//movies/?page=intl&id=operationmekong.htm,118,https://movie.douban.com/subject/25815034/,25815034,8,2016,tt6044910,https://www.imdb.com/title/tt6044910/?ref_=nv_sr_1,124,"$30,200,000 ",China,0,4,Thriller,24
21,7,From Vegas to Macau 3 (Du cheng feng yun III),,"$172,104,369 ",8-Feb,6,https://www.boxofficemojo.com//movies/intl/?id=_fFROMVEGASTOMACAU01&country=CH&wk=2016W6&id=_fFROMVEGASTOMACAU01&p=.htm,6,https://movie.douban.com/subject/26334559/,26334559,4,2016,tt5237980,https://www.imdb.com/title/tt5237980/?ref_=fn_al_tt_1,113,,China,0,1,Comedy,6
22,8,The Great Wall,,"$170,962,106 ",16-Dec,50,https://www.boxofficemojo.com//movies/?page=intl&id=greatwall.htm,11,https://movie.douban.com/subject/6982558/,6982558,4.9,2016,tt2034800,https://www.imdb.com/title/tt2034800/?ref_=nv_sr_1,103,"$150,000,000 ",USA,0,1,Action,1
22,8,The Great Wall,,"$170,962,106 ",16-Dec,50,https://www.boxofficemojo.com//movies/?page=intl&id=greatwall.htm,11,https://movie.douban.com/subject/6982558/,6982558,4.9,2016,tt2034800,https://www.imdb.com/title/tt2034800/?ref_=nv_sr_1,103,"$150,000,000 ",USA,0,1,Adventure,2
23,9,Kung Fu Panda 3,,"$154,304,371 ",29-Jan,5,https://www.boxofficemojo.com//movies/?page=intl&id=kungfupanda3.htm,12,https://movie.douban.com/subject/11589036/,11589036,7.6,2016,tt2267968,https://www.imdb.com/title/tt2267968/?ref_=nv_sr_1,95,"$145,000,000 ",China,0,1,Animation,3
24,10,The Jungle Book (2016),Disney,"$150,140,000 ",15-Apr,15,https://www.boxofficemojo.com//movies/?page=intl&id=junglebook2015.htm,9,https://movie.douban.com/subject/25777636/,25777636,7.8,2016,tt3040964,https://www.imdb.com/title/tt3040964/?ref_=fn_al_tt_1,106,"$175,000,000 ",UK,0,2,Drama,12
24,10,The Jungle Book (2016),Disney,"$150,140,000 ",15-Apr,15,https://www.boxofficemojo.com//movies/?page=intl&id=junglebook2015.htm,9,https://movie.douban.com/subject/25777636/,25777636,7.8,2016,tt3040964,https://www.imdb.com/title/tt3040964/?ref_=fn_al_tt_1,106,"$175,000,000 ",UK,0,2,Adventure,2
25,11,Time Raiders,HuaXia,"$145,692,957 ",5-Aug,31,https://www.boxofficemojo.com//movies/intl/?id=_fTIMERAIDERS01&country=CH&wk=2016W32&id=_fTIMERAIDERS01&p=.htm,9,https://movie.douban.com/subject/24827387/,24827387,4.7,2016,tt5354664,https://www.imdb.com/title/tt5354664/?ref_=nv_sr_1,124,"CNY&nbsp;175,000,000",China,0,4,Adventure,2
26,11,Time Raiders,HuaXia,"$145,692,957 ",5-Aug,31,https://www.boxofficemojo.com//movies/intl/?id=_fTIMERAIDERS01&country=CH&wk=2016W32&id=_fTIMERAIDERS01&p=.htm,9,https://movie.douban.com/subject/24827387/,24827387,4.7,2016,tt5354664,https://www.imdb.com/title/tt5354664/?ref_=nv_sr_1,124,"CNY&nbsp;175,000,000",China,0,4,Fantasy,14
27,12,Skiptrace,,"$129,014,985 ",21-Jul,29,https://www.boxofficemojo.com//movies/intl/?id=_fSKIPTRACE01&country=CH&wk=2016W29&id=_fSKIPTRACE01&p=.htm,6,https://movie.douban.com/subject/24529353/,24529353,5.6,2016,tt2238032,https://www.imdb.com/title/tt2238032/?ref_=nv_sr_1,107,"$32,000,000 ",China,0,4,Action,1
28,12,Skiptrace,,"$129,014,985 ",21-Jul,29,https://www.boxofficemojo.com//movies/intl/?id=_fSKIPTRACE01&country=CH&wk=2016W29&id=_fSKIPTRACE01&p=.htm,6,https://movie.douban.com/subject/24529353/,24529353,5.6,2016,tt2238032,https://www.imdb.com/title/tt2238032/?ref_=nv_sr_1,107,"$32,000,000 ",China,0,4,Adventure,2
29,12,Skiptrace,,"$129,014,985 ",21-Jul,29,https://www.boxofficemojo.com//movies/intl/?id=_fSKIPTRACE01&country=CH&wk=2016W29&id=_fSKIPTRACE01&p=.htm,6,https://movie.douban.com/subject/24529353/,24529353,5.6,2016,tt2238032,https://www.imdb.com/title/tt2238032/?ref_=nv_sr_1,107,"$32,000,000 ",China,0,4,Comedy,6
30,12,Skiptrace,,"$129,014,985 ",21-Jul,29,https://www.boxofficemojo.com//movies/intl/?id=_fSKIPTRACE01&country=CH&wk=2016W29&id=_fSKIPTRACE01&p=.htm,6,https://movie.douban.com/subject/24529353/,24529353,5.6,2016,tt2238032,https://www.imdb.com/title/tt2238032/?ref_=nv_sr_1,107,"$32,000,000 ",China,0,4,Crime,8
31,12,Skiptrace,,"$129,014,985 ",21-Jul,29,https://www.boxofficemojo.com//movies/intl/?id=_fSKIPTRACE01&country=CH&wk=2016W29&id=_fSKIPTRACE01&p=.htm,6,https://movie.douban.com/subject/24529353/,24529353,5.6,2016,tt2238032,https://www.imdb.com/title/tt2238032/?ref_=nv_sr_1,107,"$32,000,000 ",China,0,4,Thriller,24
32,13,Star Wars: The Force Awakens,,"$124,159,138 ",9-Jan,2,https://www.boxofficemojo.com//movies/?page=intl&id=starwars7.htm,28,https://movie.douban.com/subject/20326665/,20326665,7.1,2015,tt2488496,https://www.imdb.com/title/tt2488496/?ref_=nv_sr_1,136,"$245,000,000 ",USA,0,1,Action,1
33,13,Star Wars: The Force Awakens,,"$124,159,138 ",9-Jan,2,https://www.boxofficemojo.com//movies/?page=intl&id=starwars7.htm,28,https://movie.douban.com/subject/20326665/,20326665,7.1,2015,tt2488496,https://www.imdb.com/title/tt2488496/?ref_=nv_sr_1,136,"$245,000,000 ",USA,0,1,Adventure,2
34,13,Star Wars: The Force Awakens,,"$124,159,138 ",9-Jan,2,https://www.boxofficemojo.com//movies/?page=intl&id=starwars7.htm,28,https://movie.douban.com/subject/20326665/,20326665,7.1,2015,tt2488496,https://www.imdb.com/title/tt2488496/?ref_=nv_sr_1,136,"$245,000,000 ",USA,0,1,Fantasy,14
35,13,Star Wars: The Force Awakens,,"$124,159,138 ",9-Jan,2,https://www.boxofficemojo.com//movies/?page=intl&id=starwars7.htm,28,https://movie.douban.com/subject/20326665/,20326665,7.1,2015,tt2488496,https://www.imdb.com/title/tt2488496/?ref_=nv_sr_1,136,"$245,000,000 ",USA,0,1,Sci-Fi,21
36,14,Ip Man 3,,"$124,101,198 ",4-Mar,9,https://www.boxofficemojo.com//movies/?page=intl&id=ipman3.htm,5,https://movie.douban.com/subject/11598977/,11598977,6.3,2015,tt2888046,https://www.imdb.com/title/tt2888046/?ref_=nv_sr_1,105,"$36,000,000 ",China,0,2,Action,1
37,15,X-Men: Apocalypse,Fox,"$120,765,095 ",3-Jun,22,https://www.boxofficemojo.com//movies/?page=intl&id=x-men2016.htm,5,https://movie.douban.com/subject/25786060/,25786060,7.7,2016,tt3385516,https://www.imdb.com/title/tt3385516/?ref_=nv_sr_1,144,"$178,000,000 ",USA,1,3,Action,1
38,15,X-Men: Apocalypse,Fox,"$120,765,095 ",3-Jun,22,https://www.boxofficemojo.com//movies/?page=intl&id=x-men2016.htm,5,https://movie.douban.com/subject/25786060/,25786060,7.7,2016,tt3385516,https://www.imdb.com/title/tt3385516/?ref_=nv_sr_1,144,"$178,000,000 ",USA,1,3,Adventure,2
39,15,X-Men: Apocalypse,Fox,"$120,765,095 ",3-Jun,22,https://www.boxofficemojo.com//movies/?page=intl&id=x-men2016.htm,5,https://movie.douban.com/subject/25786060/,25786060,7.7,2016,tt3385516,https://www.imdb.com/title/tt3385516/?ref_=nv_sr_1,144,"$178,000,000 ",USA,1,3,Sci-Fi,21
40,16,I Belonged to You,,"$118,084,717 ",29-Sep,39,https://www.boxofficemojo.com//movies/?page=intl&id=ibelongedtoyou.htm,31,https://movie.douban.com/subject/26280528/,26280528,5.2,2016,tt6074202,https://www.imdb.com/title/tt6074202/?ref_=nv_sr_1,112,"CNY&nbsp;400,000,000",China,0,4,Drama,12
41,16,I Belonged to You,,"$118,084,717 ",29-Sep,39,https://www.boxofficemojo.com//movies/?page=intl&id=ibelongedtoyou.htm,31,https://movie.douban.com/subject/26280528/,26280528,5.2,2016,tt6074202,https://www.imdb.com/title/tt6074202/?ref_=nv_sr_1,112,"CNY&nbsp;400,000,000",China,0,4,Romance,20
42,17,Finding Mr. Right 2,CL,"$114,130,123 ",29-Apr,17,https://www.boxofficemojo.com//movies/?page=intl&id=findingmr.right2.htm,53,https://movie.douban.com/subject/26322792/,26322792,6.4,2016,tt4960242,https://www.imdb.com/title/tt4960242/?ref_=nv_sr_1,132,,China,0,2,Romance,20
43,18,Doctor Strange,Disney,"$109,194,913 ",4-Nov,44,https://www.boxofficemojo.com//movies/?page=intl&id=marvel716.htm,5,https://movie.douban.com/subject/3025375/,3025375,7.6,2016,tt1211837,https://www.imdb.com/title/tt1211837/?ref_=nv_sr_1,115,"$165,000,000 ",USA,1,5,Action,1
44,18,Doctor Strange,Disney,"$109,194,913 ",4-Nov,44,https://www.boxofficemojo.com//movies/?page=intl&id=marvel716.htm,5,https://movie.douban.com/subject/3025375/,3025375,7.6,2016,tt1211837,https://www.imdb.com/title/tt1211837/?ref_=nv_sr_1,115,"$165,000,000 ",USA,1,5,Adventure,2
45,18,Doctor Strange,Disney,"$109,194,913 ",4-Nov,44,https://www.boxofficemojo.com//movies/?page=intl&id=marvel716.htm,5,https://movie.douban.com/subject/3025375/,3025375,7.6,2016,tt1211837,https://www.imdb.com/title/tt1211837/?ref_=nv_sr_1,115,"$165,000,000 ",USA,1,5,Fantasy,14
46,18,Doctor Strange,Disney,"$109,194,913 ",4-Nov,44,https://www.boxofficemojo.com//movies/?page=intl&id=marvel716.htm,5,https://movie.douban.com/subject/3025375/,3025375,7.6,2016,tt1211837,https://www.imdb.com/title/tt1211837/?ref_=nv_sr_1,115,"$165,000,000 ",USA,1,5,Sci-Fi,21
47,19,Cold War 2,,"$102,197,265 ",8-Jul,27,https://www.boxofficemojo.com//movies/?page=intl&id=coldwar2.htm,6,https://movie.douban.com/subject/26894602/,26894602,7.8,2018,tt1102188,https://www.imdb.com/title/tt1102188/?ref_=nv_sr_1,,,Nigeria,0,4,Drama,12
48,20,Railroad Tigers,,"$101,519,156 ",23-Dec,51,https://www.boxofficemojo.com//movies/?page=intl&id=railroadtigers.htm,17,https://movie.douban.com/subject/26389069/,26389069,5.2,2016,tt4687848,https://www.imdb.com/title/tt4687848/?ref_=nv_sr_1,124,"$50,000,000 ",China,0,1,Action,1
49,20,Railroad Tigers,,"$101,519,156 ",23-Dec,51,https://www.boxofficemojo.com//movies/?page=intl&id=railroadtigers.htm,17,https://movie.douban.com/subject/26389069/,26389069,5.2,2016,tt4687848,https://www.imdb.com/title/tt4687848/?ref_=nv_sr_1,124,"$50,000,000 ",China,0,1,Comedy,6
50,20,Railroad Tigers,,"$101,519,156 ",23-Dec,51,https://www.boxofficemojo.com//movies/?page=intl&id=railroadtigers.htm,17,https://movie.douban.com/subject/26389069/,26389069,5.2,2016,tt4687848,https://www.imdb.com/title/tt4687848/?ref_=nv_sr_1,124,"$50,000,000 ",China,0,1,War,25
51,21,Now You See Me 2,Leomus,"$97,115,220 ",24-Jun,25,https://www.boxofficemojo.com//movies/?page=intl&id=nowyouseeme2.htm,5,https://movie.douban.com/subject/25662337/,25662337,6.6,2016,tt3110958,https://www.imdb.com/title/tt3110958/?ref_=nv_sr_1,129,"$90,000,000 ",France,1,3,Action,1
52,21,Now You See Me 2,Leomus,"$97,115,220 ",24-Jun,25,https://www.boxofficemojo.com//movies/?page=intl&id=nowyouseeme2.htm,5,https://movie.douban.com/subject/25662337/,25662337,6.6,2016,tt3110958,https://www.imdb.com/title/tt3110958/?ref_=nv_sr_1,129,"$90,000,000 ",France,1,3,Adventure,2
53,21,Now You See Me 2,Leomus,"$97,115,220 ",24-Jun,25,https://www.boxofficemojo.com//movies/?page=intl&id=nowyouseeme2.htm,5,https://movie.douban.com/subject/25662337/,25662337,6.6,2016,tt3110958,https://www.imdb.com/title/tt3110958/?ref_=nv_sr_1,129,"$90,000,000 ",France,1,3,Comedy,6
54,21,Now You See Me 2,Leomus,"$97,115,220 ",24-Jun,25,https://www.boxofficemojo.com//movies/?page=intl&id=nowyouseeme2.htm,5,https://movie.douban.com/subject/25662337/,25662337,6.6,2016,tt3110958,https://www.imdb.com/title/tt3110958/?ref_=nv_sr_1,129,"$90,000,000 ",France,1,3,Crime,8
55,21,Now You See Me 2,Leomus,"$97,115,220 ",24-Jun,25,https://www.boxofficemojo.com//movies/?page=intl&id=nowyouseeme2.htm,5,https://movie.douban.com/subject/25662337/,25662337,6.6,2016,tt3110958,https://www.imdb.com/title/tt3110958/?ref_=nv_sr_1,129,"$90,000,000 ",France,1,3,Mystery,19
56,21,Now You See Me 2,Leomus,"$97,115,220 ",24-Jun,25,https://www.boxofficemojo.com//movies/?page=intl&id=nowyouseeme2.htm,5,https://movie.douban.com/subject/25662337/,25662337,6.6,2016,tt3110958,https://www.imdb.com/title/tt3110958/?ref_=nv_sr_1,129,"$90,000,000 ",France,1,3,Thriller,24
57,22,Batman v Superman: Dawn of Justice,,"$95,769,365 ",25-Mar,12,https://www.boxofficemojo.com//movies/?page=intl&id=superman2015.htm,5,https://movie.douban.com/subject/24750534/,24750534,6.7,2016,tt2975590,https://www.imdb.com/title/tt2975590/?ref_=nv_sr_1,151,"$250,000,000 ",USA,0,2,Fantasy,14
57,22,Batman v Superman: Dawn of Justice,,"$95,769,365 ",25-Mar,12,https://www.boxofficemojo.com//movies/?page=intl&id=superman2015.htm,5,https://movie.douban.com/subject/24750534/,24750534,6.7,2016,tt2975590,https://www.imdb.com/title/tt2975590/?ref_=nv_sr_1,151,"$250,000,000 ",USA,0,2,Adventure,2
57,22,Batman v Superman: Dawn of Justice,,"$95,769,365 ",25-Mar,12,https://www.boxofficemojo.com//movies/?page=intl&id=superman2015.htm,5,https://movie.douban.com/subject/24750534/,24750534,6.7,2016,tt2975590,https://www.imdb.com/title/tt2975590/?ref_=nv_sr_1,151,"$250,000,000 ",USA,0,2,Action,1
58,23,Some Like It Hot (2016),,"$95,620,411 ",30-Dec,52,https://www.boxofficemojo.com//movies/?page=intl&id=qingshung.htm,7,https://movie.douban.com/subject/27000951/,27000951,0,2019,tt5735874,https://www.imdb.com/title/tt5735874/?ref_=fn_al_tt_1,13,,UK,0,1,Short,
59,24,Line Walker,HuaXia,"$87,941,104 ",11-Aug,32,https://www.boxofficemojo.com//movies/intl/?id=_fLINEWALKER01&country=CH&wk=2016W32&id=_fLINEWALKER01&p=.htm,7,https://movie.douban.com/subject/26336253/,26336253,6.7,2016,tt5896962,https://www.imdb.com/title/tt5896962/?ref_=nv_sr_1,109,,China,0,4,Action,1
60,24,Line Walker,HuaXia,"$87,941,104 ",11-Aug,32,https://www.boxofficemojo.com//movies/intl/?id=_fLINEWALKER01&country=CH&wk=2016W32&id=_fLINEWALKER01&p=.htm,7,https://movie.douban.com/subject/26336253/,26336253,6.7,2016,tt5896962,https://www.imdb.com/title/tt5896962/?ref_=nv_sr_1,109,,China,0,4,Crime,8
61,24,Line Walker,HuaXia,"$87,941,104 ",11-Aug,32,https://www.boxofficemojo.com//movies/intl/?id=_fLINEWALKER01&country=CH&wk=2016W32&id=_fLINEWALKER01&p=.htm,7,https://movie.douban.com/subject/26336253/,26336253,6.7,2016,tt5896962,https://www.imdb.com/title/tt5896962/?ref_=nv_sr_1,109,,China,0,4,Mystery,19
62,24,Line Walker,HuaXia,"$87,941,104 ",11-Aug,32,https://www.boxofficemojo.com//movies/intl/?id=_fLINEWALKER01&country=CH&wk=2016W32&id=_fLINEWALKER01&p=.htm,7,https://movie.douban.com/subject/26336253/,26336253,6.7,2016,tt5896962,https://www.imdb.com/title/tt5896962/?ref_=nv_sr_1,109,,China,0,4,Thriller,24
63,25,Fantastic Beasts and Where To Find Them,WB,"$85,963,412 ",25-Nov,47,https://www.boxofficemojo.com//movies/?page=intl&id=fantasticbeasts.htm,9,https://movie.douban.com/subject/25726614/,25726614,7.8,2016,tt3183660,https://www.imdb.com/title/tt3183660/?ref_=nv_sr_1,133,"$180,000,000 ",USA,1,5,Adventure,2
64,26,Big Fish & Begonia (Da Hai),BeijEnl,"$85,023,628 ",8-Jul,27,https://www.boxofficemojo.com//movies/intl/?id=_fBIGFISHBEGONIA01&country=CH&wk=2016W27&id=_fBIGFISHBEGONIA01&p=.htm,6,https://movie.douban.com/subject/1291545/,1291545,8.8,2003,tt0319061,,100,,China,0,4,Adventure,2
65,27,Your Name (Kimi no na wa.),,"$83,678,210 ",2-Dec,48,https://www.boxofficemojo.com//movies/?page=intl&id=yourname.htm,9,https://movie.douban.com/subject/26683290/,26683290,8.4,2016,,,106,,Japan,0,1,Animation,3
66,28,The Angry Birds Movie,Sony,"$75,872,971 ",20-May,20,https://www.boxofficemojo.com//movies/?page=intl&id=angrybirds.htm,9,https://movie.douban.com/subject/6873736/,6873736,7.1,2016,tt1985949,https://www.imdb.com/title/tt1985949/?ref_=nv_sr_1,97,,USA,1,3,Animation,3
67,29,Independence Day: Resurgence,Fox,"$75,359,650 ",24-Jun,25,https://www.boxofficemojo.com//movies/?page=intl&id=id42.htm,5,https://movie.douban.com/subject/4811813/,4811813,5.6,2016,tt1628841,https://www.imdb.com/title/tt1628841/?ref_=nv_sr_1,120,"$165,000,000 ",USA,1,3,Action,1
68,29,Independence Day: Resurgence,Fox,"$75,359,650 ",24-Jun,25,https://www.boxofficemojo.com//movies/?page=intl&id=id42.htm,5,https://movie.douban.com/subject/4811813/,4811813,5.6,2016,tt1628841,https://www.imdb.com/title/tt1628841/?ref_=nv_sr_1,120,"$165,000,000 ",USA,1,3,Adventure,2
69,29,Independence Day: Resurgence,Fox,"$75,359,650 ",24-Jun,25,https://www.boxofficemojo.com//movies/?page=intl&id=id42.htm,5,https://movie.douban.com/subject/4811813/,4811813,5.6,2016,tt1628841,https://www.imdb.com/title/tt1628841/?ref_=nv_sr_1,120,"$165,000,000 ",USA,1,3,Sci-Fi,21
70,30,I Am Not Madame Bovary,,"$70,174,367 ",18-Nov,46,https://www.boxofficemojo.com//movies/?page=intl&id=iamnotmadamebovary.htm,24,https://movie.douban.com/subject/26630781/,26630781,6.7,2016,tt5918090,https://www.imdb.com/title/tt5918090/?ref_=nv_sr_1,128,,china,1,5,Comedy,6
71,31,See You Tomorrow,,"$70,065,569 ",23-Dec,51,https://www.boxofficemojo.com//movies/intl/?id=_fSEEYOUTOMORROW01&country=CH&wk=2016W52&id=_fSEEYOUTOMORROW01&p=.htm,1,https://movie.douban.com/subject/25911694/,25911694,4,2016,tt3824950,https://www.imdb.com/title/tt3824950/?ref_=nv_sr_1,128,,China,0,1,Comedy,6
72,32,Jason Bourne,UPI,"$66,904,818 ",23-Aug,34,https://www.boxofficemojo.com//movies/?page=intl&id=bourne5.htm,4,https://movie.douban.com/subject/26266072/,26266072,7.3,2016,tt4196776,https://www.imdb.com/title/tt4196776/?ref_=nv_sr_1,123,,USA,0,4,Action,1
73,33,Ice Age: Collision Course,Fox,"$66,059,140 ",23-Aug,34,https://www.boxofficemojo.com//movies/?page=intl&id=iceage5.htm,9,https://movie.douban.com/subject/25797778/,25797778,6.7,2016,tt3416828,https://www.imdb.com/title/tt3416828/?ref_=nv_sr_1,94,"$105,000,000 ",USA,0,4,Animation,3
74,33,Ice Age: Collision Course,Fox,"$66,059,140 ",23-Aug,34,https://www.boxofficemojo.com//movies/?page=intl&id=iceage5.htm,9,https://movie.douban.com/subject/25797778/,25797778,6.7,2016,tt3416828,https://www.imdb.com/title/tt3416828/?ref_=nv_sr_1,94,"$105,000,000 ",USA,0,4,Adventure,2
75,33,Ice Age: Collision Course,Fox,"$66,059,140 ",23-Aug,34,https://www.boxofficemojo.com//movies/?page=intl&id=iceage5.htm,9,https://movie.douban.com/subject/25797778/,25797778,6.7,2016,tt3416828,https://www.imdb.com/title/tt3416828/?ref_=nv_sr_1,94,"$105,000,000 ",USA,0,4,Comedy,6
76,33,Ice Age: Collision Course,Fox,"$66,059,140 ",23-Aug,34,https://www.boxofficemojo.com//movies/?page=intl&id=iceage5.htm,9,https://movie.douban.com/subject/25797778/,25797778,6.7,2016,tt3416828,https://www.imdb.com/title/tt3416828/?ref_=nv_sr_1,94,"$105,000,000 ",USA,0,4,Family,13
77,33,Ice Age: Collision Course,Fox,"$66,059,140 ",23-Aug,34,https://www.boxofficemojo.com//movies/?page=intl&id=iceage5.htm,9,https://movie.douban.com/subject/25797778/,25797778,6.7,2016,tt3416828,https://www.imdb.com/title/tt3416828/?ref_=nv_sr_1,94,"$105,000,000 ",USA,0,4,Fantasy,14
78,33,Ice Age: Collision Course,Fox,"$66,059,140 ",23-Aug,34,https://www.boxofficemojo.com//movies/?page=intl&id=iceage5.htm,9,https://movie.douban.com/subject/25797778/,25797778,6.7,2016,tt3416828,https://www.imdb.com/title/tt3416828/?ref_=nv_sr_1,94,"$105,000,000 ",USA,0,4,Romance,20
79,33,Ice Age: Collision Course,Fox,"$66,059,140 ",23-Aug,34,https://www.boxofficemojo.com//movies/?page=intl&id=iceage5.htm,9,https://movie.douban.com/subject/25797778/,25797778,6.7,2016,tt3416828,https://www.imdb.com/title/tt3416828/?ref_=nv_sr_1,94,"$105,000,000 ",USA,0,4,Sci-Fi,21
80,34,Star Trek Beyond,PPI,"$65,170,090 ",2-Sep,35,https://www.boxofficemojo.com//movies/?page=intl&id=startrek2016.htm,8,https://movie.douban.com/subject/22939161/,22939161,7.4,2016,tt2660888,https://www.imdb.com/title/tt2660888/?ref_=nv_sr_1,122,"$185,000,000 ",USA,0,4,Action,1
81,34,Star Trek Beyond,PPI,"$65,170,090 ",2-Sep,35,https://www.boxofficemojo.com//movies/?page=intl&id=startrek2016.htm,8,https://movie.douban.com/subject/22939161/,22939161,7.4,2016,tt2660888,https://www.imdb.com/title/tt2660888/?ref_=nv_sr_1,122,"$185,000,000 ",USA,0,4,Adventure,2
82,34,Star Trek Beyond,PPI,"$65,170,090 ",2-Sep,35,https://www.boxofficemojo.com//movies/?page=intl&id=startrek2016.htm,8,https://movie.douban.com/subject/22939161/,22939161,7.4,2016,tt2660888,https://www.imdb.com/title/tt2660888/?ref_=nv_sr_1,122,"$185,000,000 ",USA,0,4,Sci-Fi,21
83,34,Star Trek Beyond,PPI,"$65,170,090 ",2-Sep,35,https://www.boxofficemojo.com//movies/?page=intl&id=startrek2016.htm,8,https://movie.douban.com/subject/22939161/,22939161,7.4,2016,tt2660888,https://www.imdb.com/title/tt2660888/?ref_=nv_sr_1,122,"$185,000,000 ",USA,0,4,Thriller,24
84,35,Hacksaw Ridge,,"$62,124,942 ",8-Dec,49,https://www.boxofficemojo.com//movies/?page=intl&id=hacksawridge.htm,9,https://movie.douban.com/subject/26325320/,26325320,8.7,2016,tt2119532,https://www.imdb.com/title/tt2119532/?ref_=nv_sr_1,139,"$40,000,000 ",,0,1,Biography,
85,36,Teenage Mutant Ninja Turtles: Out of the Shadows,PPI,"$58,933,101 ",2-Jul,27,https://www.boxofficemojo.com//movies/?page=intl&id=tmnt2016.htm,5,https://movie.douban.com/subject/25955779/,25955779,6.4,2016,tt3949660,https://www.imdb.com/title/tt3949660/?ref_=nv_sr_1,112,,,0,4,Action,1
86,37,Alice Through the Looking Glass,Disney,"$58,780,778 ",27-May,21,https://www.boxofficemojo.com//movies/?page=intl&id=alice2.htm,5,https://movie.douban.com/subject/21441132/,21441132,6.7,2016,tt2567026,https://www.imdb.com/title/tt2567026/?ref_=nv_sr_1,113,"$170,000,000 ",USA,1,3,Adventure,2
87,37,Alice Through the Looking Glass,Disney,"$58,780,778 ",27-May,21,https://www.boxofficemojo.com//movies/?page=intl&id=alice2.htm,5,https://movie.douban.com/subject/21441132/,21441132,6.7,2016,tt2567026,https://www.imdb.com/title/tt2567026/?ref_=nv_sr_1,113,"$170,000,000 ",USA,1,3,Family,13
88,37,Alice Through the Looking Glass,Disney,"$58,780,778 ",27-May,21,https://www.boxofficemojo.com//movies/?page=intl&id=alice2.htm,5,https://movie.douban.com/subject/21441132/,21441132,6.7,2016,tt2567026,https://www.imdb.com/title/tt2567026/?ref_=nv_sr_1,113,"$170,000,000 ",USA,1,3,Fantasy,14
89,38,The Revenant,,"$58,684,119 ",18-Mar,11,https://www.boxofficemojo.com//movies/?page=intl&id=revenant.htm,5,https://movie.douban.com/subject/5327268/,5327268,7.9,2015,tt1663202,https://www.imdb.com/title/tt1663202/?ref_=nv_sr_1,156,"$135,000,000 ",USA,0,2,Action,1
90,38,The Revenant,,"$58,684,119 ",18-Mar,11,https://www.boxofficemojo.com//movies/?page=intl&id=revenant.htm,5,https://movie.douban.com/subject/5327268/,5327268,7.9,2015,tt1663202,https://www.imdb.com/title/tt1663202/?ref_=nv_sr_1,156,"$135,000,000 ",USA,0,2,Adventure,2
91,38,The Revenant,,"$58,684,119 ",18-Mar,11,https://www.boxofficemojo.com//movies/?page=intl&id=revenant.htm,5,https://movie.douban.com/subject/5327268/,5327268,7.9,2015,tt1663202,https://www.imdb.com/title/tt1663202/?ref_=nv_sr_1,156,"$135,000,000 ",USA,0,2,Biography,4
92,38,The Revenant,,"$58,684,119 ",18-Mar,11,https://www.boxofficemojo.com//movies/?page=intl&id=revenant.htm,5,https://movie.douban.com/subject/5327268/,5327268,7.9,2015,tt1663202,https://www.imdb.com/title/tt1663202/?ref_=nv_sr_1,156,"$135,000,000 ",USA,0,2,Drama,12
93,38,The Revenant,,"$58,684,119 ",18-Mar,11,https://www.boxofficemojo.com//movies/?page=intl&id=revenant.htm,5,https://movie.douban.com/subject/5327268/,5327268,7.9,2015,tt1663202,https://www.imdb.com/title/tt1663202/?ref_=nv_sr_1,156,"$135,000,000 ",USA,0,2,Western,
94,39,The Secret Life of Pets,UPI,"$58,307,653 ",2-Aug,31,https://www.boxofficemojo.com//movies/?page=intl&id=illumination2015.htm,9,https://movie.douban.com/subject/21817627/,21817627,7.6,2016,tt2709768,https://www.imdb.com/title/tt2709768/?ref_=nv_sr_1,147,"$75,000,000 ",USA,0,4,Animation,3
95,40,Chongqing Hot Pot,,"$57,098,935 ",1-Apr,13,https://www.boxofficemojo.com//movies/?page=intl&id=chongqinghotpot.htm,5,https://movie.douban.com/subject/25662327/,25662327,7.2,2016,,https://www.imdb.com/title/tt5596352/?ref_=fn_al_tt_1,94,,China,0,2,Thriller,
96,41,L.O.R.D: Legend of Ravaging Dynasties (Jue ji),,"$56,211,456 ",29-Sep,39,https://www.boxofficemojo.com//movies/?page=intl&id=lord2016.htm,5,https://movie.douban.com/subject/26354336/,26354336,3.8,2016,tt4819576,https://www.imdb.com/title/tt4819576/?ref_=fn_al_tt_1,118,,China,0,4,Animation,3
98,43,A Chinese Odyssey: Part Three,,"$53,160,819 ",14-Sep,37,https://www.boxofficemojo.com//movies/intl/?id=_fACHINESEODYSSEYP03&country=CH&wk=2016W38&id=_fACHINESEODYSSEYP03&p=.htm,5,https://movie.douban.com/subject/26284595/,26284595,3.6,2016,tt4862468,https://www.imdb.com/title/tt4862468/?ref_=nv_sr_1,93,"$60,000,000 ",China,0,4,Fantasy,14
99,44,London Has Fallen,,"$52,302,200 ",8-Apr,14,https://www.boxofficemojo.com//movies/?page=intl&id=londonhasfallen.htm,5,https://movie.douban.com/subject/25757186/,25757186,6.1,2016,tt3300542,https://www.imdb.com/title/tt3300542/?ref_=nv_sr_1,99,"$60,000,000 ",UK,0,2,Action,1
100,44,London Has Fallen,,"$52,302,200 ",8-Apr,14,https://www.boxofficemojo.com//movies/?page=intl&id=londonhasfallen.htm,5,https://movie.douban.com/subject/25757186/,25757186,6.1,2016,tt3300542,https://www.imdb.com/title/tt3300542/?ref_=nv_sr_1,99,"$60,000,000 ",UK,0,2,Thriller,24
101,45,My Beloved Bodyguard,,"$49,371,457 ",1-Apr,13,https://www.boxofficemojo.com//movies/intl/?id=_fTHEBODYGUARD201&country=CH&wk=2016W14&id=_fTHEBODYGUARD201&p=.htm,5,https://movie.douban.com/subject/25945280/,25945280,5.4,2016,tt4076934,https://www.imdb.com/title/tt4076934/?ref_=nv_sr_1,99,,China,0,2,Action,1
102,45,My Beloved Bodyguard,,"$49,371,457 ",1-Apr,13,https://www.boxofficemojo.com//movies/intl/?id=_fTHEBODYGUARD201&country=CH&wk=2016W14&id=_fTHEBODYGUARD201&p=.htm,5,https://movie.douban.com/subject/25945280/,25945280,5.4,2016,tt4076934,https://www.imdb.com/title/tt4076934/?ref_=nv_sr_1,99,,China,0,2,Crime,8
103,45,My Beloved Bodyguard,,"$49,371,457 ",1-Apr,13,https://www.boxofficemojo.com//movies/intl/?id=_fTHEBODYGUARD201&country=CH&wk=2016W14&id=_fTHEBODYGUARD201&p=.htm,5,https://movie.douban.com/subject/25945280/,25945280,5.4,2016,tt4076934,https://www.imdb.com/title/tt4076934/?ref_=nv_sr_1,99,,China,0,2,Drama,12
104,46,Mechanic: Resurrection,,"$49,243,215 ",21-Oct,42,https://www.boxofficemojo.com//movies/?page=intl&id=mechanic2.htm,5,https://movie.douban.com/subject/25825412/,25825412,5.6,2016,tt3522806,https://www.imdb.com/title/tt3522806/?ref_=nv_sr_1,,,,1,5,,
105,47,Never Gone,HuaXia,"$48,834,264 ",8-Jul,27,https://www.boxofficemojo.com//movies/?page=intl&id=soyoung2nevergone.htm,43,https://movie.douban.com/subject/26290642/,26290642,4.1,2016,tt8520442,https://www.imdb.com/title/tt8520442/?ref_=nv_sr_1,,,,0,4,,
106,48,The Legend of Tarzan,China Film,"$46,152,613 ",19-Jul,29,https://www.boxofficemojo.com//movies/?page=intl&id=tarzan2016.htm,4,https://movie.douban.com/subject/2131669/,2131669,6,2016,tt0918940,https://www.imdb.com/title/tt0918940/?ref_=nv_sr_1,110,"$180,000,000 ",UK,0,4,Action,1
107,48,The Legend of Tarzan,China Film,"$46,152,613 ",19-Jul,29,https://www.boxofficemojo.com//movies/?page=intl&id=tarzan2016.htm,4,https://movie.douban.com/subject/2131669/,2131669,6,2016,tt0918940,https://www.imdb.com/title/tt0918940/?ref_=nv_sr_1,110,"$180,000,000 ",UK,0,4,Adventure,2
108,48,The Legend of Tarzan,China Film,"$46,152,613 ",19-Jul,29,https://www.boxofficemojo.com//movies/?page=intl&id=tarzan2016.htm,4,https://movie.douban.com/subject/2131669/,2131669,6,2016,tt0918940,https://www.imdb.com/title/tt0918940/?ref_=nv_sr_1,110,"$180,000,000 ",UK,0,4,Drama,12
109,48,The Legend of Tarzan,China Film,"$46,152,613 ",19-Jul,29,https://www.boxofficemojo.com//movies/?page=intl&id=tarzan2016.htm,4,https://movie.douban.com/subject/2131669/,2131669,6,2016,tt0918940,https://www.imdb.com/title/tt0918940/?ref_=nv_sr_1,110,"$180,000,000 ",UK,0,4,Fantasy,14
110,48,The Legend of Tarzan,China Film,"$46,152,613 ",19-Jul,29,https://www.boxofficemojo.com//movies/?page=intl&id=tarzan2016.htm,4,https://movie.douban.com/subject/2131669/,2131669,6,2016,tt0918940,https://www.imdb.com/title/tt0918940/?ref_=nv_sr_1,110,"$180,000,000 ",UK,0,4,Romance,20
111,49,Boonie Bears III,,"$44,544,110 ",16-Jan,3,https://www.boxofficemojo.com//movies/intl/?id=_fBOONIEBEARSIII01&country=CH&wk=2016W3&id=_fBOONIEBEARSIII01&p=.htm,8,https://movie.douban.com/subject/26330955/,26330955,6.3,2016,,,,,,0,1,,
112,50,League of Gods,HuaXia,"$42,682,491 ",29-Jul,30,https://www.boxofficemojo.com//movies/?page=intl&id=leagueofgods.htm,3,https://movie.douban.com/subject/25850122/,25850122,2.9,2016,tt5481184,https://www.imdb.com/title/tt5481184/?ref_=nv_sr_1,,,,0,4,,
113,51,Love O2O,HuaXia,"$39,969,537 ",12-Aug,32,https://www.boxofficemojo.com//movies/intl/?id=_fLOVEO2O01&country=CH&wk=2016W33&id=_fLOVEO2O01&p=.htm,4,https://movie.douban.com/subject/26427831/,26427831,6.5,2016,tt6055498,https://www.imdb.com/title/tt6055498/?ref_=nv_sr_1,45,,China,0,4,Drama,12
114,51,Love O2O,HuaXia,"$39,969,537 ",12-Aug,32,https://www.boxofficemojo.com//movies/intl/?id=_fLOVEO2O01&country=CH&wk=2016W33&id=_fLOVEO2O01&p=.htm,4,https://movie.douban.com/subject/26427831/,26427831,6.5,2016,tt6055498,https://www.imdb.com/title/tt6055498/?ref_=nv_sr_1,45,,China,0,4,Romance,20
115,52,"Crouching Tiger, Hidden Dragon: Sword of Destiny",,"$38,262,712 ",19-Feb,8,https://www.boxofficemojo.com//movies/?page=intl&id=crouchingtiger2.htm,3,https://movie.douban.com/subject/21327512/,21327512,4.7,2016,tt2652118,https://www.imdb.com/title/tt2652118/?ref_=nv_sr_1,,,,0,1,,
116,53,Finding Dory,Disney,"$38,052,302 ",17-Jun,24,https://www.boxofficemojo.com//movies/?page=intl&id=pixar2015.htm,4,https://movie.douban.com/subject/11524967/,11524967,7.4,2016,tt2277860,https://www.imdb.com/title/tt2277860/?ref_=nv_sr_1,97,"$200,000,000 ",USA,1,3,Animation,3
117,53,Finding Dory,Disney,"$38,052,302 ",17-Jun,24,https://www.boxofficemojo.com//movies/?page=intl&id=pixar2015.htm,4,https://movie.douban.com/subject/11524967/,11524967,7.4,2016,tt2277860,https://www.imdb.com/title/tt2277860/?ref_=nv_sr_1,97,"$200,000,000 ",USA,1,3,Adventure,2
118,53,Finding Dory,Disney,"$38,052,302 ",17-Jun,24,https://www.boxofficemojo.com//movies/?page=intl&id=pixar2015.htm,4,https://movie.douban.com/subject/11524967/,11524967,7.4,2016,tt2277860,https://www.imdb.com/title/tt2277860/?ref_=nv_sr_1,97,"$200,000,000 ",USA,1,3,Comedy,6
119,53,Finding Dory,Disney,"$38,052,302 ",17-Jun,24,https://www.boxofficemojo.com//movies/?page=intl&id=pixar2015.htm,4,https://movie.douban.com/subject/11524967/,11524967,7.4,2016,tt2277860,https://www.imdb.com/title/tt2277860/?ref_=nv_sr_1,97,"$200,000,000 ",USA,1,3,Family,13
120,54,Mission Milano (Wang pai dou wang pai),,"$37,741,786 ",1-Oct,40,https://www.boxofficemojo.com//movies/intl/?id=_fMISSIONMILANOWA01&country=CH&wk=2016W40&id=_fMISSIONMILANOWA01&p=.htm,5,https://movie.douban.com/subject/5169529/,5169529,0,1982,,,,,,1,5,,
121,55,Gods of Egypt,,"$35,598,525 ",11-Mar,10,https://www.boxofficemojo.com//movies/?page=intl&id=godsofegypt.htm,5,https://movie.douban.com/subject/26662345/,26662345,6.4,2016,tt2404233,https://www.imdb.com/title/tt2404233/?ref_=nv_sr_1,,,,0,2,,
122,56,Moana,Disney,"$32,797,208 ",25-Nov,47,https://www.boxofficemojo.com//movies/?page=intl&id=disney1116.htm,9,https://movie.douban.com/subject/25793398/,25793398,7.5,2016,tt3521164,https://www.imdb.com/title/tt3521164/?ref_=nv_sr_1,107,"$150,000,000 ",USA,1,5,Animation,3
123,56,Moana,Disney,"$32,797,208 ",25-Nov,47,https://www.boxofficemojo.com//movies/?page=intl&id=disney1116.htm,9,https://movie.douban.com/subject/25793398/,25793398,7.5,2016,tt3521164,https://www.imdb.com/title/tt3521164/?ref_=nv_sr_1,107,"$150,000,000 ",USA,1,5,Adventure,2
124,56,Moana,Disney,"$32,797,208 ",25-Nov,47,https://www.boxofficemojo.com//movies/?page=intl&id=disney1116.htm,9,https://movie.douban.com/subject/25793398/,25793398,7.5,2016,tt3521164,https://www.imdb.com/title/tt3521164/?ref_=nv_sr_1,107,"$150,000,000 ",USA,1,5,Comedy,6
125,56,Moana,Disney,"$32,797,208 ",25-Nov,47,https://www.boxofficemojo.com//movies/?page=intl&id=disney1116.htm,9,https://movie.douban.com/subject/25793398/,25793398,7.5,2016,tt3521164,https://www.imdb.com/title/tt3521164/?ref_=nv_sr_1,107,"$150,000,000 ",USA,1,5,Family,13
126,56,Moana,Disney,"$32,797,208 ",25-Nov,47,https://www.boxofficemojo.com//movies/?page=intl&id=disney1116.htm,9,https://movie.douban.com/subject/25793398/,25793398,7.5,2016,tt3521164,https://www.imdb.com/title/tt3521164/?ref_=nv_sr_1,107,"$150,000,000 ",USA,1,5,Fantasy,14
127,56,Moana,Disney,"$32,797,208 ",25-Nov,47,https://www.boxofficemojo.com//movies/?page=intl&id=disney1116.htm,9,https://movie.douban.com/subject/25793398/,25793398,7.5,2016,tt3521164,https://www.imdb.com/title/tt3521164/?ref_=nv_sr_1,107,"$150,000,000 ",USA,1,5,Musical,
128,57,Bounty Hunters,,"$31,911,723 ",1-Jul,26,https://www.boxofficemojo.com//movies/intl/?id=_fBOUNTYHUNTERS01&country=CH&wk=2016W26&id=_fBOUNTYHUNTERS01&p=.htm,5,https://movie.douban.com/subject/21941770/,21941770,5,2016,tt1596565,https://www.imdb.com/title/tt1596565/?ref_=nv_sr_1,,,Canada,0,4,Action,1
130,59,When Larry Met Mary,,"$27,859,882 ",15-Jul,28,https://www.boxofficemojo.com//movies/intl/?id=_fWHENLARRYMETMARY01&country=CH&wk=2016W28&id=_fWHENLARRYMETMARY01&p=.htm,5,https://movie.douban.com/subject/25849006/,25849006,5.4,2016,,,,,,0,4,Comedy,6
132,61,The Last Witch Hunter,,"$27,404,245 ",15-Jan,3,https://www.boxofficemojo.com//movies/?page=intl&id=lastwitchhunter.htm,5,https://movie.douban.com/subject/10440076/,10440076,5.8,2015,tt1618442,https://www.imdb.com/title/tt1618442/?ref_=nv_sr_1,106,"$32,000,000 ",USA,0,1,Action,1
133,61,The Last Witch Hunter,,"$27,404,245 ",15-Jan,3,https://www.boxofficemojo.com//movies/?page=intl&id=lastwitchhunter.htm,5,https://movie.douban.com/subject/10440076/,10440076,5.8,2015,tt1618442,https://www.imdb.com/title/tt1618442/?ref_=nv_sr_1,106,"$32,000,000 ",USA,0,1,Adventure,2
134,61,The Last Witch Hunter,,"$27,404,245 ",15-Jan,3,https://www.boxofficemojo.com//movies/?page=intl&id=lastwitchhunter.htm,5,https://movie.douban.com/subject/10440076/,10440076,5.8,2015,tt1618442,https://www.imdb.com/title/tt1618442/?ref_=nv_sr_1,106,"$32,000,000 ",USA,0,1,Fantasy,14
135,62,Call of Heroes,,"$25,033,616 ",12-Aug,32,https://www.boxofficemojo.com//movies/intl/?id=_fCALLOFHEROES01&country=CH&wk=2016W33&id=_fCALLOFHEROES01&p=.htm,4,https://movie.douban.com/subject/26125779/,26125779,5.7,2016,tt5842624,https://www.imdb.com/title/tt5842624/?ref_=nv_sr_1,120,"$32,000,000 ",Hong,0,4,Action,1
136,63,SoulMate,,"$24,684,439 ",14-Sep,37,https://www.boxofficemojo.com//movies/intl/?id=_fSOULMATE01&country=CH&wk=2016W38&id=_fSOULMATE01&p=.htm,6,https://movie.douban.com/subject/25827935/,25827935,7.6,2016,tt6054290,https://www.imdb.com/title/tt6054290/?ref_=nv_sr_1,110,"$8,000,000 ",China,0,4,Drama,12
137,64,Sherlock: The Abominable Bride,,"$24,392,699 ",4-Jan,1,,,https://movie.douban.com/subject/25920885/,25920885,6.9,2016,/tt5284492,https://www.imdb.com/title/tt5284492/?ref_=fn_al_tt_1,,,,0,1,Mystery,
138,65,Billy Lynn's Long Halftime Walk,Sony,"$23,761,008 ",11-Nov,45,https://www.boxofficemojo.com//movies/?page=intl&id=billylynn.htm,8,https://movie.douban.com/subject/25983044/,25983044,8.4,2016,tt2513074,https://www.imdb.com/title/tt2513074/?ref_=nv_sr_1,113,,,1,5,ACtion,1
141,68,The BFG,Disney,"$20,995,699 ",14-Oct,41,https://www.boxofficemojo.com//movies/?page=intl&id=bfg.htm,5,https://movie.douban.com/subject/25875021/,25875021,6.7,2016,tt3691740,https://www.imdb.com/title/tt3691740/?ref_=nv_sr_1,117,"$140,000,000 ",USA,1,5,Adventure,2
142,69,Cock and Bull,CL,"$20,399,982 ",14-Sep,37,https://www.boxofficemojo.com//movies/?page=intl&id=cockandbull.htm,4,https://movie.douban.com/subject/26284621/,26284621,7.7,2016,tt6067462,https://www.imdb.com/title/tt6067462/?ref_=nv_sr_1,110,,China,0,4,Crime,8
143,70,Who Sleeps My Bro,,"$20,069,212 ",1-Apr,13,https://www.boxofficemojo.com//movies/intl/?id=_fWHOSLEEPSMYBRO01&country=CH&wk=2016W14&id=_fWHOSLEEPSMYBRO01&p=.htm,5,https://movie.douban.com/subject/26354526/,26354526,5.1,2016,tt5599016,https://www.imdb.com/title/tt5599016/?ref_=nv_sr_1,96,,China,0,2,Drama,12
144,70,Who Sleeps My Bro,,"$20,069,212 ",1-Apr,13,https://www.boxofficemojo.com//movies/intl/?id=_fWHOSLEEPSMYBRO01&country=CH&wk=2016W14&id=_fWHOSLEEPSMYBRO01&p=.htm,5,https://movie.douban.com/subject/26354526/,26354526,5.1,2016,tt5599016,https://www.imdb.com/title/tt5599016/?ref_=nv_sr_1,96,,China,0,2,Romance,20
146,72,Royal Treasure,,"$19,800,195 ",15-Jan,3,https://www.boxofficemojo.com//movies/intl/?id=_fROYALTREASURE01&country=CH&wk=2016W3&id=_fROYALTREASURE01&p=.htm,4,https://movie.douban.com/subject/26607739/,26607739,4.4,2016,tt5465996,https://www.imdb.com/title/tt5465996/?ref_=nv_sr_1,101,,China,0,1,Drama,12
147,73,Inferno,Sony,"$19,371,553 ",28-Oct,43,https://www.boxofficemojo.com//movies/?page=intl&id=inferno2015.htm,5,https://movie.douban.com/subject/24860318/,24860318,6.2,2016,tt3062096,https://www.imdb.com/title/tt3062096/?ref_=nv_sr_1,121,"$75,000,000 ",USA,1,5,Action,1
148,73,Inferno,Sony,"$19,371,553 ",28-Oct,43,https://www.boxofficemojo.com//movies/?page=intl&id=inferno2015.htm,5,https://movie.douban.com/subject/24860318/,24860318,6.2,2016,tt3062096,https://www.imdb.com/title/tt3062096/?ref_=nv_sr_1,121,"$75,000,000 ",USA,1,5,Adventure,2
149,73,Inferno,Sony,"$19,371,553 ",28-Oct,43,https://www.boxofficemojo.com//movies/?page=intl&id=inferno2015.htm,5,https://movie.douban.com/subject/24860318/,24860318,6.2,2016,tt3062096,https://www.imdb.com/title/tt3062096/?ref_=nv_sr_1,121,"$75,000,000 ",USA,1,5,Crime,8
150,73,Inferno,Sony,"$19,371,553 ",28-Oct,43,https://www.boxofficemojo.com//movies/?page=intl&id=inferno2015.htm,5,https://movie.douban.com/subject/24860318/,24860318,6.2,2016,tt3062096,https://www.imdb.com/title/tt3062096/?ref_=nv_sr_1,121,"$75,000,000 ",USA,1,5,Drama,12
151,73,Inferno,Sony,"$19,371,553 ",28-Oct,43,https://www.boxofficemojo.com//movies/?page=intl&id=inferno2015.htm,5,https://movie.douban.com/subject/24860318/,24860318,6.2,2016,tt3062096,https://www.imdb.com/title/tt3062096/?ref_=nv_sr_1,121,"$75,000,000 ",USA,1,5,Mystery,19
152,73,Inferno,Sony,"$19,371,553 ",28-Oct,43,https://www.boxofficemojo.com//movies/?page=intl&id=inferno2015.htm,5,https://movie.douban.com/subject/24860318/,24860318,6.2,2016,tt3062096,https://www.imdb.com/title/tt3062096/?ref_=nv_sr_1,121,"$75,000,000 ",USA,1,5,Thriller,24
153,74,The Divergent Series: Allegiant,Leeding,"$18,676,215 ",20-May,20,https://www.boxofficemojo.com//movies/?page=intl&id=allegiant.htm,5,https://movie.douban.com/subject/25794302/,25794302,5.8,2016,tt3410834,https://www.imdb.com/title/tt3410834/?ref_=fn_al_tt_1,,"$110,000,000 ",USA,1,3,Action,1
154,75,Suddenly Seventeen,,"$18,581,123 ",9-Dec,49,https://www.boxofficemojo.com//movies/intl/?id=_fSUDDENLYSEVENTEE01&country=CH&wk=2016W49&id=_fSUDDENLYSEVENTEE01&p=.htm,6,https://movie.douban.com/subject/26658568/,26658568,5.6,2016,tt5665040,https://www.imdb.com/title/tt5665040/?ref_=nv_sr_1,107,,China,0,1,Fantasy,14
155,75,Suddenly Seventeen,,"$18,581,123 ",9-Dec,49,https://www.boxofficemojo.com//movies/intl/?id=_fSUDDENLYSEVENTEE01&country=CH&wk=2016W49&id=_fSUDDENLYSEVENTEE01&p=.htm,6,https://movie.douban.com/subject/26658568/,26658568,5.6,2016,tt5665040,https://www.imdb.com/title/tt5665040/?ref_=nv_sr_1,107,,China,0,1,Romance,20
156,76,The Wasted Times,,"$17,875,409 ",16-Dec,50,https://www.boxofficemojo.com//movies/?page=intl&id=thewastedtimes.htm,9,https://movie.douban.com/subject/24751763/,24751763,7.7,2016,tt4623812,https://www.imdb.com/title/tt4623812/?ref_=nv_sr_1,125,,,0,1,Drama,12
157,77,Miss Peregrine's Home for Peculiar Children,,"$17,017,610 ",2-Dec,48,https://www.boxofficemojo.com//movies/?page=intl&id=peregrine.htm,5,https://movie.douban.com/subject/7051830/,7051830,7.2,2016,tt1935859,https://www.imdb.com/title/tt1935859/?ref_=nv_sr_1,127,"$110,000,000 ",USA,0,1,Adventure,2
158,77,Miss Peregrine's Home for Peculiar Children,,"$17,017,610 ",2-Dec,48,https://www.boxofficemojo.com//movies/?page=intl&id=peregrine.htm,5,https://movie.douban.com/subject/7051830/,7051830,7.2,2016,tt1935859,https://www.imdb.com/title/tt1935859/?ref_=nv_sr_1,127,"$110,000,000 ",USA,0,1,Drama,12
159,77,Miss Peregrine's Home for Peculiar Children,,"$17,017,610 ",2-Dec,48,https://www.boxofficemojo.com//movies/?page=intl&id=peregrine.htm,5,https://movie.douban.com/subject/7051830/,7051830,7.2,2016,tt1935859,https://www.imdb.com/title/tt1935859/?ref_=nv_sr_1,127,"$110,000,000 ",USA,0,1,Fantasy,14
160,77,Miss Peregrine's Home for Peculiar Children,,"$17,017,610 ",2-Dec,48,https://www.boxofficemojo.com//movies/?page=intl&id=peregrine.htm,5,https://movie.douban.com/subject/7051830/,7051830,7.2,2016,tt1935859,https://www.imdb.com/title/tt1935859/?ref_=nv_sr_1,127,"$110,000,000 ",USA,0,1,Thriller,24
161,78,Nine Lives (2016),,"$16,793,054 ",9-Sep,36,https://www.boxofficemojo.com//movies/?page=intl&id=ninelives2016.htm,5,https://movie.douban.com/subject/26314816/,26314816,6.9,2016,tt4383594,https://www.imdb.com/title/tt4383594/?ref_=fn_al_tt_1,87,"$30,000,000 ",France,0,4,Comedy,6
162,79,Heartfall Arises,,"$16,748,620 ",20-Oct,42,https://www.boxofficemojo.com//movies/intl/?id=_fHEARTFALLARISES01&country=CH&wk=2016W42&id=_fHEARTFALLARISES01&p=.htm,5,https://movie.douban.com/subject/26220722/,26220722,3.9,2016,tt5618870,https://www.imdb.com/title/tt5618870/?ref_=nv_sr_1,106,"HKD&nbsp;100,000,000",Hong,1,5,Action,1
163,79,Heartfall Arises,,"$16,748,620 ",20-Oct,42,https://www.boxofficemojo.com//movies/intl/?id=_fHEARTFALLARISES01&country=CH&wk=2016W42&id=_fHEARTFALLARISES01&p=.htm,5,https://movie.douban.com/subject/26220722/,26220722,3.9,2016,tt5618870,https://www.imdb.com/title/tt5618870/?ref_=nv_sr_1,106,"HKD&nbsp;100,000,000",Hong,1,5,Crime,8
164,79,Heartfall Arises,,"$16,748,620 ",20-Oct,42,https://www.boxofficemojo.com//movies/intl/?id=_fHEARTFALLARISES01&country=CH&wk=2016W42&id=_fHEARTFALLARISES01&p=.htm,5,https://movie.douban.com/subject/26220722/,26220722,3.9,2016,tt5618870,https://www.imdb.com/title/tt5618870/?ref_=nv_sr_1,106,"HKD&nbsp;100,000,000",Hong,1,5,Drama,12
165,79,Heartfall Arises,,"$16,748,620 ",20-Oct,42,https://www.boxofficemojo.com//movies/intl/?id=_fHEARTFALLARISES01&country=CH&wk=2016W42&id=_fHEARTFALLARISES01&p=.htm,5,https://movie.douban.com/subject/26220722/,26220722,3.9,2016,tt5618870,https://www.imdb.com/title/tt5618870/?ref_=nv_sr_1,106,"HKD&nbsp;100,000,000",Hong,1,5,Thriller,24
166,80,The Huntsman Winter's War,,"$16,280,125 ",22-Apr,16,https://www.boxofficemojo.com//movies/?page=intl&id=huntsman.htm,9,https://movie.douban.com/subject/10791575/,10791575,5.4,2016,tt2381991,https://www.imdb.com/title/tt2381991/?ref_=nv_sr_1,114,"$115,000,000 ",USA,0,2,Action,1
167,80,The Huntsman Winter's War,,"$16,280,125 ",22-Apr,16,https://www.boxofficemojo.com//movies/?page=intl&id=huntsman.htm,9,https://movie.douban.com/subject/10791575/,10791575,5.4,2016,tt2381991,https://www.imdb.com/title/tt2381991/?ref_=nv_sr_1,114,"$115,000,000 ",USA,0,2,Adventure,2
168,80,The Huntsman Winter's War,,"$16,280,125 ",22-Apr,16,https://www.boxofficemojo.com//movies/?page=intl&id=huntsman.htm,9,https://movie.douban.com/subject/10791575/,10791575,5.4,2016,tt2381991,https://www.imdb.com/title/tt2381991/?ref_=nv_sr_1,114,"$115,000,000 ",USA,0,2,Drama,12
169,80,The Huntsman Winter's War,,"$16,280,125 ",22-Apr,16,https://www.boxofficemojo.com//movies/?page=intl&id=huntsman.htm,9,https://movie.douban.com/subject/10791575/,10791575,5.4,2016,tt2381991,https://www.imdb.com/title/tt2381991/?ref_=nv_sr_1,114,"$115,000,000 ",USA,0,2,Fantasy,14
170,81,Criminal (2016),,"$15,772,274 ",13-May,19,https://www.boxofficemojo.com//movies/?page=intl&id=criminal2015.htm,5,https://movie.douban.com/subject/25944714/,25944714,6.4,2016,tt3014866,https://www.imdb.com/title/tt3014866/?ref_=fn_al_tt_1,113,"$31,500,000 ",USA,1,3,Crime,8
171,82,Eiga Doraemon: Shin Nobita no Nippon tanjou,HuaXia,"$15,588,278 ",22-Jul,29,https://www.boxofficemojo.com//movies/intl/?id=_fDORAEMONNOBITANO02&country=CH&wk=2016W30&id=_fDORAEMONNOBITANO02&p=.htm,3,https://movie.douban.com/subject/3154822/,3154822,7.7,2009,tt5544700,https://www.imdb.com/title/tt5544700/?ref_=fn_al_tt_1,104,,Japan,0,4,Animation,3
172,83,One Piece Film Gold,,"$15,584,811 ",11-Nov,45,https://www.boxofficemojo.com//movies/?page=intl&id=onepiecefilmgold.htm,4,https://movie.douban.com/subject/26598021/,26598021,7.7,2016,tt5251328,https://www.imdb.com/title/tt5251328/?ref_=nv_sr_1,120,,Japan,1,5,Animation,3
173,83,One Piece Film Gold,,"$15,584,811 ",11-Nov,45,https://www.boxofficemojo.com//movies/?page=intl&id=onepiecefilmgold.htm,4,https://movie.douban.com/subject/26598021/,26598021,7.7,2016,tt5251328,https://www.imdb.com/title/tt5251328/?ref_=nv_sr_1,120,,Japan,1,5,Action,1
174,83,One Piece Film Gold,,"$15,584,811 ",11-Nov,45,https://www.boxofficemojo.com//movies/?page=intl&id=onepiecefilmgold.htm,4,https://movie.douban.com/subject/26598021/,26598021,7.7,2016,tt5251328,https://www.imdb.com/title/tt5251328/?ref_=nv_sr_1,120,,Japan,1,5,Adventure,2
175,83,One Piece Film Gold,,"$15,584,811 ",11-Nov,45,https://www.boxofficemojo.com//movies/?page=intl&id=onepiecefilmgold.htm,4,https://movie.douban.com/subject/26598021/,26598021,7.7,2016,tt5251328,https://www.imdb.com/title/tt5251328/?ref_=nv_sr_1,120,,Japan,1,5,Fantasy,14
176,84,Boruto: Naruto the Movie,,"$15,392,640 ",18-Feb,7,https://www.boxofficemojo.com//movies/?page=intl&id=borutonarutothemovie.htm,4,https://movie.douban.com/subject/26282448/,26282448,8.3,2015,tt4618398,https://www.imdb.com/title/tt4618398/?ref_=nv_sr_1,95,,japan,0,1,Animation,3
177,85,The Shallows,Sony,"$15,291,870 ",9-Sep,36,https://www.boxofficemojo.com//movies/?page=intl&id=theshallows.htm,5,https://movie.douban.com/subject/26000205/,26000205,7.1,2016,tt4052882,https://www.imdb.com/title/tt4052882/?ref_=nv_sr_1,86,"$17,000,000 ",USA,0,4,Drama,12
178,85,The Shallows,Sony,"$15,291,870 ",9-Sep,36,https://www.boxofficemojo.com//movies/?page=intl&id=theshallows.htm,5,https://movie.douban.com/subject/26000205/,26000205,7.1,2016,tt4052882,https://www.imdb.com/title/tt4052882/?ref_=nv_sr_1,86,"$17,000,000 ",USA,0,4,Horror,16
179,85,The Shallows,Sony,"$15,291,870 ",9-Sep,36,https://www.boxofficemojo.com//movies/?page=intl&id=theshallows.htm,5,https://movie.douban.com/subject/26000205/,26000205,7.1,2016,tt4052882,https://www.imdb.com/title/tt4052882/?ref_=nv_sr_1,86,"$17,000,000 ",USA,0,4,Thriller,24
180,86,Three,,"$14,968,027 ",24-Jun,25,https://www.boxofficemojo.com//movies/?page=intl&id=three.htm,3,https://movie.douban.com/subject/26235349/,26235349,5.9,2016,tt5027774,https://www.imdb.com/title/tt5027774/?ref_=nv_sr_1,,,,1,3,Comedy,6
182,88,The Walk,,"$13,773,172 ",22-Jan,4,https://www.boxofficemojo.com//movies/?page=intl&id=clouds2015.htm,4,https://movie.douban.com/subject/25819229/,25819229,7.6,2015,tt3488710,https://www.imdb.com/title/tt3488710/?ref_=nv_sr_1,123,"$35,000,000 ",USA,0,1,Adventure,2
183,88,The Walk,,"$13,773,172 ",22-Jan,4,https://www.boxofficemojo.com//movies/?page=intl&id=clouds2015.htm,4,https://movie.douban.com/subject/25819229/,25819229,7.6,2015,tt3488710,https://www.imdb.com/title/tt3488710/?ref_=nv_sr_1,123,"$35,000,000 ",USA,0,1,Biography,4
184,88,The Walk,,"$13,773,172 ",22-Jan,4,https://www.boxofficemojo.com//movies/?page=intl&id=clouds2015.htm,4,https://movie.douban.com/subject/25819229/,25819229,7.6,2015,tt3488710,https://www.imdb.com/title/tt3488710/?ref_=nv_sr_1,123,"$35,000,000 ",USA,0,1,Drama,12
185,88,The Walk,,"$13,773,172 ",22-Jan,4,https://www.boxofficemojo.com//movies/?page=intl&id=clouds2015.htm,4,https://movie.douban.com/subject/25819229/,25819229,7.6,2015,tt3488710,https://www.imdb.com/title/tt3488710/?ref_=nv_sr_1,123,"$35,000,000 ",USA,0,1,Thriller,24
186,89,Phantom of the Theatre,,"$13,482,888 ",29-Apr,17,,,https://movie.douban.com/subject/26220725/,26220725,4.6,2016,tt5639650,https://www.imdb.com/title/tt5639650/?ref_=nv_sr_1,103,,China,0,2,Fantasy,14
187,90,New Happy Dad and Son 2: The Instant Genius,China Film,"$13,375,370 ",19-Aug,33,https://www.boxofficemojo.com//movies/intl/?id=_fNEWHAPPYDADANDSO01&country=CH&wk=2016W33&id=_fNEWHAPPYDADANDSO01&p=.htm,10,https://movie.douban.com/subject/26839582/,26839582,4.2,2016,tt6448170,https://www.imdb.com/title/tt6448170/?ref_=nv_sr_1,85,,China,0,4,Comedy,6
188,90,New Happy Dad and Son 2: The Instant Genius,China Film,"$13,375,370 ",19-Aug,33,https://www.boxofficemojo.com//movies/intl/?id=_fNEWHAPPYDADANDSO01&country=CH&wk=2016W33&id=_fNEWHAPPYDADANDSO01&p=.htm,10,https://movie.douban.com/subject/26839582/,26839582,4.2,2016,tt6448170,https://www.imdb.com/title/tt6448170/?ref_=nv_sr_1,85,,China,0,4,Family,13
189,91,Song of the Phoenix,,"$13,075,926 ",6-May,18,https://www.boxofficemojo.com//movies/intl/?id=_fSONGOFTHEPHOENIX01&country=CH&wk=2016W19&id=_fSONGOFTHEPHOENIX01&p=.htm,9,https://movie.douban.com/subject/10831445/,10831445,8,2013,tt3214392,https://www.imdb.com/title/tt3214392/?ref_=nv_sr_1,110,,China,1,3,Drama,12
192,94,Tik Tok,China Film,"$11,702,016 ",15-Jul,28,https://www.boxofficemojo.com//movies/intl/?id=_fTIKTOK01&country=CH&wk=2016W29&id=_fTIKTOK01&p=.htm,3,https://movie.douban.com/subject/26375609/,26375609,7,2016,tt6033150,https://www.imdb.com/title/tt6033150/?ref_=nv_sr_1,103,,China,0,4,Crime,12
193,95,For Love,,"$11,487,632 ",29-Jan,5,https://www.boxofficemojo.com//movies/intl/?id=_fFORLOVE01&country=CH&wk=2016W5&id=_fFORLOVE01&p=.htm,2,https://movie.douban.com/subject/26413306/,26413306,3.6,2016,tt0118694,https://www.imdb.com/title/tt0118694/?ref_=nv_sr_1,98,,Hong,0,1,Drama,12
194,95,For Love,,"$11,487,632 ",29-Jan,5,https://www.boxofficemojo.com//movies/intl/?id=_fFORLOVE01&country=CH&wk=2016W5&id=_fFORLOVE01&p=.htm,2,https://movie.douban.com/subject/26413306/,26413306,3.6,2016,tt0118694,https://www.imdb.com/title/tt0118694/?ref_=nv_sr_1,98,,Hong,0,1,Romance,20
195,96,Storks,WB,"$11,461,078 ",23-Sep,38,https://www.boxofficemojo.com//movies/?page=intl&id=storks.htm,6,https://movie.douban.com/subject/26374205/,26374205,7.5,2016,tt4624424,https://www.imdb.com/title/tt4624424/?ref_=nv_sr_1,87,"$70,000,000 ",USA,0,4,Animation,3
196,96,Storks,WB,"$11,461,078 ",23-Sep,38,https://www.boxofficemojo.com//movies/?page=intl&id=storks.htm,6,https://movie.douban.com/subject/26374205/,26374205,7.5,2016,tt4624424,https://www.imdb.com/title/tt4624424/?ref_=nv_sr_1,87,"$70,000,000 ",USA,0,4,Adventure,2
197,96,Storks,WB,"$11,461,078 ",23-Sep,38,https://www.boxofficemojo.com//movies/?page=intl&id=storks.htm,6,https://movie.douban.com/subject/26374205/,26374205,7.5,2016,tt4624424,https://www.imdb.com/title/tt4624424/?ref_=nv_sr_1,87,"$70,000,000 ",USA,0,4,Comedy,6
198,96,Storks,WB,"$11,461,078 ",23-Sep,38,https://www.boxofficemojo.com//movies/?page=intl&id=storks.htm,6,https://movie.douban.com/subject/26374205/,26374205,7.5,2016,tt4624424,https://www.imdb.com/title/tt4624424/?ref_=nv_sr_1,87,"$70,000,000 ",USA,0,4,Family,13
199,96,Storks,WB,"$11,461,078 ",23-Sep,38,https://www.boxofficemojo.com//movies/?page=intl&id=storks.htm,6,https://movie.douban.com/subject/26374205/,26374205,7.5,2016,tt4624424,https://www.imdb.com/title/tt4624424/?ref_=nv_sr_1,87,"$70,000,000 ",USA,0,4,Fantasy,14
201,98,Deepwater Horizon,,"$10,507,817 ",15-Nov,46,https://www.boxofficemojo.com//movies/?page=intl&id=deepwaterhorizon.htm,4,https://movie.douban.com/subject/22266320/,22266320,7,2016,tt1860357,https://www.imdb.com/title/tt1860357/?ref_=nv_sr_1,107,"$110,000,000 ",Hong,1,5,Action,1
202,98,Deepwater Horizon,,"$10,507,817 ",15-Nov,46,https://www.boxofficemojo.com//movies/?page=intl&id=deepwaterhorizon.htm,4,https://movie.douban.com/subject/22266320/,22266320,7,2016,tt1860357,https://www.imdb.com/title/tt1860357/?ref_=nv_sr_1,107,"$110,000,000 ",Hong,1,5,Drama,12
203,98,Deepwater Horizon,,"$10,507,817 ",15-Nov,46,https://www.boxofficemojo.com//movies/?page=intl&id=deepwaterhorizon.htm,4,https://movie.douban.com/subject/22266320/,22266320,7,2016,tt1860357,https://www.imdb.com/title/tt1860357/?ref_=nv_sr_1,107,"$110,000,000 ",Hong,1,5,History,15
204,98,Deepwater Horizon,,"$10,507,817 ",15-Nov,46,https://www.boxofficemojo.com//movies/?page=intl&id=deepwaterhorizon.htm,4,https://movie.douban.com/subject/22266320/,22266320,7,2016,tt1860357,https://www.imdb.com/title/tt1860357/?ref_=nv_sr_1,107,"$110,000,000 ",Hong,1,5,Thriller,24
205,99,Hide and Seek (2016),,"$10,315,084 ",4-Nov,44,https://www.boxofficemojo.com//movies/intl/?id=_fHIDEANDSEEK202&country=CH&wk=2016W44&id=_fHIDEANDSEEK202&p=.htm,5,https://movie.douban.com/subject/1308995/,1308995,7.4,2005,tt5662906,https://www.imdb.com/title/tt5662906/?ref_=fn_al_tt_1,105,,China,1,5,Mystery,
206,100,Born in China,,"$9,880,653 ",12-Aug,32,https://www.boxofficemojo.com//movies/?page=intl&id=borninchina.htm,10,https://movie.douban.com/subject/26376454/,26376454,8,2016,tt4629266,https://www.imdb.com/title/tt4629266/?ref_=nv_sr_1,79,,UK,0,4,Documentary,11